{
    "items":[
        {
            "title":"Do I have to pay a penalty on pre-payment of loan?",
            "url":"https://www.google.com"
        },
        {
            "title":"Do banks offer me what I ask for?",
            "url":"https://www.google.com"
        },
        {
            "title":"Does taking a home loan mean I cannot take another loan?",
            "url":"https://www.google.com"
        },
        {
            "title":"Can I transfer the loan multiple times?",
            "url":"https://www.google.com"
        },
        {
            "title":"Do my age and occupation matter?",
            "url":"https://www.google.com"
        }
    ]
    
}